<RasterFunctionTemplate xsi:type='typens:RasterFunctionTemplate' xmlns:xsi='http://www.w3.org/2001/XMLSchema-instance' xmlns:xs='http://www.w3.org/2001/XMLSchema' xmlns:typens='http://www.esri.com/schemas/ArcGIS/10.8'><Name>MODW</Name><Description>栅格函数模板。</Description><Function xsi:type='typens:HillshadeFunction'><Name>山体阴影函数</Name><Description>考虑到地形阴影时根据太阳的相对位置来生成地形的灰度模型。</Description><PixelType>U8</PixelType></Function><Arguments xsi:type='typens:HillshadeFunctionArguments'><Names xsi:type='typens:ArrayOfString'><String>DEM</String><String>ZFactor</String><String>Azimuth</String><String>Altitude</String><String>PSPower</String><String>PSZFactor</String><String>SlopeType</String><String>HillshadeType</String><String>RemoveEdgeEffect</String></Names><Values xsi:type='typens:ArrayOfAnyType'><AnyType xsi:type='typens:RasterFunctionVariable'><Name>Raster</Name><Description></Description><Value></Value><IsDataset>true</IsDataset></AnyType><AnyType xsi:type='typens:RasterFunctionVariable'><Name>ZFactor_202278_13461_222</Name><Description></Description><Value xsi:type='xs:double'>3</Value><IsDataset>false</IsDataset></AnyType><AnyType xsi:type='typens:RasterFunctionVariable'><Name>Azimuth_202278_13461_222</Name><Description></Description><Value xsi:type='xs:double'>315</Value><IsDataset>false</IsDataset></AnyType><AnyType xsi:type='typens:RasterFunctionVariable'><Name>Altitude_202278_13461_222</Name><Description></Description><Value xsi:type='xs:double'>45</Value><IsDataset>false</IsDataset></AnyType><AnyType xsi:type='typens:RasterFunctionVariable'><Name>PSPower_202278_13461_222</Name><Description></Description><Value xsi:type='xs:double'>0.66400000000000003</Value><IsDataset>false</IsDataset></AnyType><AnyType xsi:type='typens:RasterFunctionVariable'><Name>PSZFactor_202278_13461_222</Name><Description></Description><Value xsi:type='xs:double'>0.024</Value><IsDataset>false</IsDataset></AnyType><AnyType xsi:type='typens:RasterFunctionVariable'><Name>SlopeType_202278_13461_222</Name><Description></Description><Value xsi:type='xs:int'>3</Value><IsDataset>false</IsDataset></AnyType><AnyType xsi:type='typens:RasterFunctionVariable'><Name>HillshadeType_202278_13461_222</Name><Description></Description><Value xsi:type='xs:int'>1</Value><IsDataset>false</IsDataset></AnyType><AnyType xsi:type='typens:RasterFunctionVariable'><Name>RemoveEdgeEffect_202278_13461_222</Name><Description></Description><Value xsi:type='xs:boolean'>false</Value><IsDataset>false</IsDataset></AnyType></Values></Arguments><Help></Help><Type>0</Type><Thumbnail></Thumbnail><Definition></Definition><Group></Group><Tag></Tag><ThumbnailEx></ThumbnailEx></RasterFunctionTemplate>